user_id,age,gender,experience,experience_compared,coding_languages,paradigm_objectoriented,paradigm_functional,paradigm_imperative,paradigm_logic,num_opensource
14,25-34,female,3,2,"R, Python, SQL",3,0,0,0,1
29,18-24,male,4,2,Java;R;C;Python,3,2,1,1,0
31,-,female,4,3,Java; Haskell; R,3,3,3,1,1
28,25-34,female,5,3,python,2,2,2,2,0
30,18-24,male,6,2,Java; Python; R,3,1,0,2,0
15,25-34,female,6,3,R; python; Java; Haskell,3,3,2,2,1
16,25-34,male,8,3,Java; R; Python; Scala; Haskell; Bash;,4,4,4,2,2
32,18-24,male,Java; R; Python,4,2,3,1,0
27,25-34,male,8,4,Java;Python;C;Bash;awk,4,2,4,4,2
24,25-34,male,9,4,R;Python;Java,3,3,3,3,2
