15;Neutral
247;Neutral
334;Negative
170;None
143;Negative
181;Negative
210;Verynegative
228;Negative
246;Negative
327;Positive
75;Negative
258;Neutral
337;Negative
16;Negative
349;Negative
147;Negative
250;Negative
195;Negative
207;Negative
137;Negative
80;Negative
213;Negative
148;Neutral
74;None
162;Negative
289;Negative
149;Negative
58;Negative
302;Neutral
296;Neutral
293;Negative
151;Negative
317;Negative
136;Neutral
1;Negative
314;Negative
292;Negative
82;Negative
164;Negative
55;Negative
187;Verynegative
252;Negative
351;Negative
83;Negative
323;Negative
280;Negative
44;Negative
110;Negative
171;Neutral
102;Neutral
225;Negative
52;Positive
265;Negative
96;Negative
237;Negative
124;Neutral
185;Positive
264;Negative
355;Negative
214;Negative
130;Negative
193;Neutral
5;Negative
286;Neutral
155;Negative
238;Positive
221;Negative
104;Negative
223;Negative
50;Negative
299;Negative
262;Neutral
303;Negative
123;Negative
356;Neutral
318;Negative
38;Negative
28;Verynegative
93;Positive
145;Positive
248;Negative
139;Positive
13;Negative
174;Negative
30;Negative
64;Verynegative
99;Neutral
182;Negative
183;Negative
108;Negative
261;Neutral
311;Positive
257;Positive
71;Negative
277;Neutral
241;Negative
298;Positive
56;Negative
142;Negative
332;Neutral
283;Verynegative
180;Negative
216;Negative
128;Neutral
254;Negative
295;Negative
200;Neutral
26;Neutral
168;Negative
92;Negative
306;Negative
290;Negative
331;Neutral
297;Negative
321;Negative
114;None
166;Positive
276;Positive
12;Negative
188;Negative
33;Negative
220;Negative
176;Negative
85;Positive
72;Neutral
338;Positive
113;Negative
173;Negative
217;Neutral
172;Negative
37;Neutral
300;Positive
163;Negative
336;Neutral
84;Neutral
105;Neutral
269;Positive
66;Negative
67;Negative
78;Negative
347;Negative
330;Negative
255;Positive
288;Neutral
263;Neutral
2;Negative
41;Negative
234;Negative
329;Negative
138;Negative
268;Negative
341;Negative
259;Negative
333;Negative
146;Negative
319;Neutral
266;Negative
270;Negative
324;Negative
358;Negative
107;Negative
132;Negative
70;Negative
87;Negative
285;Negative
230;Neutral
40;Negative
199;Neutral
8;Neutral
340;Negative
119;Negative
192;Positive
272;Negative
158;Negative
301;Positive
291;Negative
144;Negative
34;Negative
111;Neutral
3;Positive
184;Neutral
175;Negative
202;Verynegative
235;Negative
346;Negative
103;Positive
357;Positive
79;Negative
267;Negative
313;Neutral
157;Positive
27;Negative
134;Positive
141;Negative
251;Negative
25;Negative
23;Negative
196;Negative
97;Neutral
122;Negative
95;Negative
240;Neutral
304;Negative
109;Negative
253;Negative
51;Neutral
154;None
43;Neutral
350;Neutral
156;Negative
125;Negative
177;Negative
322;Positive
106;Neutral
22;Positive
127;Positive
215;Negative
53;Negative
60;Negative
244;Negative
205;Negative
360;Neutral
19;Negative
278;Negative
275;Neutral
133;Neutral
118;Negative
242;Negative
59;Negative
47;Negative
42;Neutral
101;Negative
88;Negative
126;Negative
73;Negative
335;Positive
209;Negative
197;Negative
10;Negative
14;Negative
161;Neutral
98;Negative
352;Negative
91;Negative
81;Negative
76;Negative
344;Negative
310;Neutral
21;Negative
208;Negative
160;Negative
245;Negative
63;Neutral
273;Negative
211;Negative
29;Negative
135;Positive
35;Neutral
169;Negative
48;Negative
131;Negative
20;Negative
100;Negative
18;Negative
236;Negative
249;Negative
120;Negative
232;Negative
7;Negative
282;Negative
308;Negative
271;Negative
117;Negative
206;Negative
309;Negative
353;Neutral
17;Negative
112;Negative
287;Negative
203;Neutral
39;Positive
305;Negative
45;Negative
49;Negative
243;Verynegative
348;Negative
150;Neutral
86;Neutral
354;Negative
260;Positive
325;Negative
312;Negative
239;Negative
204;Positive
94;Negative
54;Negative
46;Negative
219;Negative
316;Negative
307;Neutral
212;Verynegative
57;Negative
186;Negative
9;Positive
294;Negative
218;Positive
190;Positive
31;Negative
36;Negative
121;Neutral
229;Neutral
345;Negative
65;Negative
90;Negative
281;Negative
32;Negative
320;Negative
24;Negative
69;Negative
256;Negative
178;Negative
284;Negative
359;Neutral
233;Positive
115;Negative
116;Negative
159;Negative
279;Negative
274;Positive
6;Neutral
343;Negative
4;Neutral
198;Positive
227;None
68;Negative
342;Negative
152;Negative
129;Positive
153;Positive
231;Negative
61;Negative
201;Negative
179;Negative
315;Negative
140;Positive
194;Negative
339;Negative
328;Neutral
326;Negative
224;Verynegative
189;Negative
77;Negative
222;Negative
11;Negative
167;Negative
165;Neutral
62;Negative
191;Negative
226;Neutral
89;Neutral
