1;Positive
2;Negative
3;Negative
4;Negative
5;Negative
6;Negative
7;Negative
8;Neutral
9;Negative
10;Positive
11;Negative
12;None
13;Negative
14;Negative
15;Neutral
16;Negative
17;Neutral
18;Negative
19;Negative
20;Neutral
21;Negative
22;Neutral
23;Negative
24;Positive
25;Negative
26;Negative
27;Neutral
28;Positive
29;Neutral
30;Verynegative
31;Negative
32;Negative
33;Negative
34;Negative
35;Negative
36;Negative
37;Negative
38;Neutral
39;Neutral
40;Negative
41;Negative
42;Negative
43;Neutral
44;Negative
45;Negative
46;Positive
47;Negative
48;Negative
49;Neutral
50;Negative
51;Neutral
52;Negative
53;Negative
54;Positive
55;Negative
56;Negative
57;Negative
58;Negative
59;Positive
60;Negative
61;Neutral
62;Negative
63;Negative
64;Negative
65;Negative
66;Negative
67;Negative
68;Negative
69;Neutral
70;Negative
71;Negative
72;Neutral
73;Verynegative
74;Negative
75;Positive
76;Neutral
77;Negative
78;Negative
79;Negative
80;Negative
81;Positive
82;Negative
83;Negative
84;Neutral
85;Negative
86;Neutral
87;Neutral
88;Negative
89;Negative
90;Neutral
91;Neutral
92;Negative
93;Neutral
94;Negative
95;Negative
96;Verynegative
97;Negative
98;Neutral
99;Negative
100;Negative
101;Negative
102;Negative
103;Negative
104;Negative
105;Positive
106;Negative
107;Neutral
108;Neutral
109;Positive
110;Negative
111;Positive
112;Negative
113;Positive
114;Negative
115;Positive
116;Neutral
117;Negative
118;Negative
119;Negative
120;Negative
121;Negative
122;Neutral
123;Neutral
124;Negative
125;Negative
126;Neutral
127;Negative
128;Negative
129;Negative
130;Neutral
131;Negative
132;Positive
133;Negative
134;Negative
135;Verynegative
136;Negative
137;Negative
138;Negative
139;Negative
140;Negative
141;Negative
142;Positive
143;Negative
144;Negative
145;Neutral
146;Negative
147;Negative
148;Neutral
149;Positive
150;Negative
151;Negative
152;Positive
153;Neutral
154;Negative
155;Neutral
156;Verynegative
157;Negative
158;Negative
159;Neutral
160;Negative
161;Negative
162;Negative
163;Negative
164;Negative
165;Positive
166;Negative
167;Negative
168;Neutral
169;Neutral
170;Negative
171;Positive
172;Negative
173;Negative
174;None
175;Positive
176;Negative
177;Neutral
178;Negative
179;Negative
180;Negative
181;Negative
182;Neutral
183;Negative
184;Negative
185;Positive
186;Negative
187;Negative
188;Negative
189;Negative
190;Negative
191;Negative
192;Negative
193;Neutral
194;Negative
195;Negative
196;Negative
197;Negative
198;Neutral
199;Neutral
200;Neutral
201;Negative
202;Positive
203;Negative
204;Negative
205;Negative
206;Negative
207;Negative
208;Neutral
209;Negative
210;Negative
211;Verypositive
212;Neutral
213;Neutral
214;Negative
215;Negative
216;Negative
217;Negative
218;Negative
219;Negative
220;Negative
221;Negative
222;Negative
223;Neutral
224;Positive
225;Neutral
226;Negative
227;Negative
228;Neutral
229;Negative
230;Positive
231;Negative
232;Negative
233;Negative
234;Negative
235;Negative
236;Negative
237;Negative
238;Negative
239;Neutral
240;None
241;Positive
242;Positive
243;Negative
244;Neutral
245;Negative
246;Negative
247;Positive
248;Negative
249;Negative
250;Negative
251;Verynegative
252;Positive
253;Neutral
254;Negative
255;Negative
256;Negative
257;Positive
258;Negative
259;Neutral
260;Neutral
261;Neutral
262;Positive
263;Negative
264;Neutral
265;Negative
266;Neutral
267;Negative
268;Negative
269;Negative
270;Negative
271;Neutral
272;Negative
273;Negative
274;Negative
275;Neutral
276;Negative
277;Positive
278;Negative
279;Negative
280;Negative
281;Negative
282;Negative
283;Neutral
284;Negative
285;Negative
286;Negative
287;Negative
288;Verynegative
289;Negative
290;Positive
291;Verynegative
292;Negative
293;Negative
294;Negative
295;Negative
296;Negative
297;Positive
298;Negative
299;Negative
300;Negative
301;Neutral
302;Neutral
303;Negative
304;Positive
305;Negative
306;Negative
307;Negative
308;Negative
309;Neutral
310;Negative
311;Positive
312;Negative
313;Negative
314;Negative
315;Negative
316;Negative
317;Negative
318;Negative
319;Neutral
320;Neutral
321;Negative
322;Negative
323;Neutral
324;Negative
325;Negative
326;Negative
327;Verynegative
328;Verynegative
329;Negative
330;Negative
331;Negative
332;Neutral
333;Negative
334;Neutral
335;Negative
336;Negative
337;Negative
338;Positive
339;Negative
340;Negative
341;Negative
342;Negative
343;Negative
344;Negative
345;Negative
346;Positive
347;Negative
348;Negative
349;Neutral
350;Neutral
351;Negative
352;Positive
353;Negative
354;Negative
355;Negative
356;Negative
357;Neutral
358;Positive
359;Neutral
360;Negative
