1;Negative
2;Verynegative
3;Negative
4;Verynegative
5;Negative
6;Negative
7;Negative
8;Neutral
9;Negative
10;Negative
11;Negative
12;Negative
13;None
14;Negative
15;Neutral
16;Negative
17;None
18;Negative
19;Negative
20;Negative
21;Negative
22;Negative
23;Negative
24;Negative
25;Negative
26;Negative
27;Negative
28;Negative
29;Negative
30;Verynegative
31;Negative
32;Negative
33;Verynegative
34;Verynegative
35;Negative
36;Negative
37;Negative
38;Neutral
39;Negative
40;Negative
41;Negative
42;Negative
43;Neutral
44;Negative
45;Negative
46;Positive
47;Negative
48;Verynegative
49;Negative
50;Negative
51;Negative
52;Negative
53;Verynegative
54;Negative
55;Negative
56;Verynegative
57;Negative
58;Negative
59;Negative
60;Negative
61;Neutral
62;Negative
63;Negative
64;Negative
65;Verynegative
66;Negative
67;Negative
68;Negative
69;Verynegative
70;Negative
71;Negative
72;Negative
73;None
74;Negative
75;Negative
76;Negative
77;Negative
78;Negative
79;Negative
80;Negative
81;Negative
82;Negative
83;Negative
84;Neutral
85;Negative
86;Negative
87;Negative
88;Negative
89;Negative
90;Negative
91;Negative
92;Negative
93;Negative
94;Negative
95;Negative
96;Verynegative
97;Negative
98;Negative
99;Negative
100;Negative
101;Negative
102;Verynegative
103;Negative
104;Negative
105;Positive
106;Negative
107;Neutral
108;Negative
109;Positive
110;Negative
111;Neutral
112;Negative
113;Positive
114;Negative
115;Negative
116;Negative
117;Negative
118;Verynegative
119;Negative
120;Negative
121;Negative
122;Neutral
123;Negative
124;Negative
125;Negative
126;Neutral
127;Negative
128;Negative
129;Positive
130;None
131;Negative
132;Negative
133;Negative
134;Negative
135;Negative
136;Negative
137;Negative
138;Negative
139;Negative
140;Negative
141;Negative
142;Negative
143;Negative
144;Verynegative
145;Negative
146;Negative
147;Verynegative
148;Neutral
149;Negative
150;Negative
151;Negative
152;Neutral
153;Negative
154;Verynegative
155;Negative
156;Negative
157;Verynegative
158;Neutral
159;Neutral
160;Negative
161;Negative
162;Negative
163;Negative
164;Negative
165;Negative
166;Negative
167;Negative
168;Negative
169;Neutral
170;Negative
171;Negative
172;Neutral
173;Negative
174;Negative
175;Negative
176;Negative
177;Negative
178;Negative
179;Verynegative
180;Verynegative
181;Negative
182;Negative
183;Negative
184;Negative
185;Positive
186;Negative
187;Verynegative
188;Verynegative
189;Negative
190;Negative
191;Negative
192;Negative
193;Negative
194;Negative
195;Negative
196;Negative
197;Neutral
198;Negative
199;Negative
200;Neutral
201;Neutral
202;Negative
203;Negative
204;Negative
205;Verynegative
206;Negative
207;Neutral
208;Neutral
209;Negative
210;Negative
211;Negative
212;Negative
213;Neutral
214;Negative
215;Negative
216;Negative
217;Negative
218;Negative
219;Verynegative
220;Negative
221;Negative
222;Verynegative
223;Negative
224;Negative
225;Negative
226;Negative
227;Negative
228;Neutral
229;Negative
230;Negative
231;Negative
232;Negative
233;Negative
234;Negative
235;Negative
236;Negative
237;Negative
238;Negative
239;Negative
240;None
241;Negative
242;Positive
243;Negative
244;Negative
245;Verynegative
246;Negative
247;Neutral
248;Negative
249;Negative
250;Verynegative
251;Verynegative
252;Negative
253;Negative
254;Negative
255;Negative
256;Negative
257;Negative
258;Verynegative
259;Negative
260;Negative
261;Negative
262;Negative
263;Negative
264;Negative
265;Negative
266;Negative
267;Negative
268;Negative
269;Negative
270;Negative
271;Negative
272;Negative
273;Negative
274;Negative
275;Negative
276;Negative
277;Neutral
278;Negative
279;Negative
280;Negative
281;Negative
282;Negative
283;Negative
284;Negative
285;Negative
286;Negative
287;Negative
288;Verynegative
289;Negative
290;Positive
291;None
292;Negative
293;Verynegative
294;Negative
295;Negative
296;Negative
297;Negative
298;Verynegative
299;Negative
300;Verynegative
301;Negative
302;Negative
303;Negative
304;Positive
305;Negative
306;Negative
307;Negative
308;Negative
309;Negative
310;Negative
311;Negative
312;Negative
313;Negative
314;Negative
315;Verynegative
316;Negative
317;Negative
318;Verynegative
319;Negative
320;Negative
321;Negative
322;Negative
323;Negative
324;Negative
325;Negative
326;Verynegative
327;Verynegative
328;Verynegative
329;Negative
330;Negative
331;Negative
332;Negative
333;Negative
334;Negative
335;Verynegative
336;Negative
337;Negative
338;Negative
339;Negative
340;Verynegative
341;Negative
342;Negative
343;Verynegative
344;Negative
345;Negative
346;Negative
347;Negative
348;Negative
349;Negative
350;Neutral
351;Verynegative
352;Negative
353;Neutral
354;Negative
355;Negative
356;Negative
357;Negative
358;Negative
359;Neutral
360;Negative
